lab_id,model_id,memorable,dominant,attractive,trustworthy,gender-typical,attractive (unstd),trustworthy (unstd),dominant (unstd)
MF0004,0001,4.536585365853658,3.098901098901099,3.7261904761904763,4.7272727272727275,5.0875,3.7738095238095237,4.367816091954023,3.723404255319149
MF0004,0002,4.109756097560975,4.78021978021978,4.630952380952381,4.409090909090909,5.7875,4.035714285714286,4.183908045977011,4.4787234042553195
MF0004,0003,4.036585365853658,3.6373626373626373,3.5,4.340909090909091,4.8125,3.357142857142857,4.344827586206897,3.734042553191489
MF0004,0004,4.060975609756097,3.5934065934065935,3.357142857142857,4.181818181818182,5.0875,3.357142857142857,4.494252873563219,3.5638297872340425
MF0004,0005,4.2682926829268295,3.7362637362637363,3.488095238095238,4.6022727272727275,5.6625,3.5,4.620689655172414,3.74468085106383
MF0004,0006,4.036585365853658,4.1208791208791204,3.380952380952381,4.056818181818182,3.9,3.107142857142857,3.4022988505747125,3.776595744680851
MF0004,0007,4.012195121951219,3.879120879120879,3.5595238095238093,4.193181818181818,5.0125,3.7023809523809526,4.390804597701149,3.7127659574468086
MF0004,0008,4.121951219512195,4.384615384615385,4.238095238095238,4.090909090909091,5.725,4.2976190476190474,4.482758620689655,4.659574468085107
MF0004,0009,3.9634146341463414,4.142857142857143,4.071428571428571,4.409090909090909,5.375,3.892857142857143,4.735632183908046,4.223404255319149
MF0004,0010,3.8658536585365852,3.5494505494505493,3.011904761904762,3.875,4.7875,3.2976190476190474,4.7701149425287355,3.4680851063829787
MF0005,0001,4.073170731707317,4.65934065934066,3.2023809523809526,3.6704545454545454,5.7125,3.2142857142857144,3.6551724137931036,4.425531914893617
MF0005,0002,4.2317073170731705,3.9450549450549453,4.416666666666667,4.613636363636363,5.4375,4.583333333333333,4.850574712643678,3.5106382978723403
MF0005,0003,4.646341463414634,4.329670329670329,4.369047619047619,4.465909090909091,5.7375,4.392857142857143,4.793103448275862,4.042553191489362
MF0005,0004,4.036585365853658,4.373626373626373,3.5238095238095237,4.295454545454546,5.9,3.3452380952380953,4.344827586206897,4.308510638297872
MF0005,0005,3.841463414634146,3.9450549450549453,2.9642857142857144,3.9318181818181817,5.3375,3.0714285714285716,4.241379310344827,3.425531914893617
MF0005,0006,4.134146341463414,3.659340659340659,2.9642857142857144,3.8636363636363638,4.275,3.0238095238095237,4.149425287356322,3.8404255319148937
MF0005,0007,4.646341463414634,4.142857142857143,3.261904761904762,3.5454545454545454,4.4125,3.3333333333333335,3.471264367816092,4.287234042553192
MF0005,0008,3.658536585365854,3.901098901098901,3.1904761904761907,4.215909090909091,5.2,3.107142857142857,3.9655172413793105,3.9148936170212765
MF0005,0009,4.573170731707317,4.604395604395604,3.4166666666666665,4.045454545454546,4.95,3.857142857142857,4.264367816091954,4.202127659574468
MF0005,0010,3.902439024390244,3.857142857142857,3.2976190476190474,4.4772727272727275,5.475,3.1666666666666665,4.436781609195402,3.627659574468085
MF0006,0002,4.097560975609756,3.923076923076923,3,3.8636363636363638,4.4875,2.9642857142857144,3.9885057471264367,3.8297872340425534
MF0006,0003,4.219512195121951,3.241758241758242,3.142857142857143,4.1022727272727275,4.725,NA,NA,NA
MF0006,0004,4.975609756097561,4.912087912087912,2.9047619047619047,2.75,4.8625,NA,NA,NA
MF0006,0005,3.9634146341463414,3.7142857142857144,3.2023809523809526,4.136363636363637,5.0375,3.4404761904761907,4.206896551724138,3.6808510638297873
MF0006,0006,4.012195121951219,3.791208791208791,3.5,4.090909090909091,5.6625,3.5714285714285716,3.6551724137931036,3.6382978723404253
MF0006,0007,4.390243902439025,4.054945054945055,4.4523809523809526,4.579545454545454,5.225,4.178571428571429,3.8735632183908044,4.159574468085107
MF0006,0008,4.5,4.3076923076923075,2.7738095238095237,3.3068181818181817,5.4875,NA,NA,NA
MF0006,0009,4.085365853658536,3.769230769230769,3.511904761904762,4.2272727272727275,5.6375,NA,NA,NA
MF0006,0010,3.8536585365853657,3.4395604395604398,3.130952380952381,4.215909090909091,4.8,3.1904761904761907,4.32183908045977,3.393617021276596
MF0006,0011,4.487804878048781,4.417582417582418,3.6785714285714284,3.8863636363636362,5.75,NA,NA,NA
MF0006,0012,4.7682926829268295,3.923076923076923,4.25,3.897727272727273,4.25,NA,NA,NA
MF0006,0013,4.170731707317073,3.681318681318681,3.369047619047619,4.238636363636363,4.8625,NA,NA,NA
MF0008,0002,3.9390243902439024,3.5604395604395602,3.2738095238095237,4.670454545454546,5.1,3.4285714285714284,4.781609195402299,3.4680851063829787
MF0008,0004,4.621951219512195,4.670329670329671,4.833333333333333,4.715909090909091,5.9625,4.571428571428571,4.850574712643678,4.446808510638298
MF0008,0005,3.731707317073171,3.5164835164835164,3.511904761904762,4.204545454545454,4.8125,3.7261904761904763,4.804597701149425,3.5319148936170213
MF0008,0006,4.2439024390243905,3.5384615384615383,3.4642857142857144,4.465909090909091,4.975,3.511904761904762,4.655172413793103,3.297872340425532
MF0008,0007,4.719512195121951,4.934065934065934,4.035714285714286,3.727272727272727,5.725,3.880952380952381,4.218390804597701,4.425531914893617
MF0008,0008,4.402439024390244,5.010989010989011,3.630952380952381,3.465909090909091,5.85,3.3214285714285716,3.1954022988505746,4.914893617021277
MF0008,0009,4.170731707317073,3.5054945054945055,3.511904761904762,4.6477272727272725,4.9875,3.4404761904761907,4.482758620689655,3.4148936170212765
MF0008,0010,4.012195121951219,3.5934065934065935,3.4285714285714284,4.454545454545454,4.9,3.642857142857143,4.540229885057471,3.7127659574468086
MF0008,0011,4,3.4065934065934065,3.7023809523809526,4.7272727272727275,5.7875,4.011904761904762,4.310344827586207,3.8297872340425534
MF0008,0012,4.378048780487805,3.098901098901099,4.119047619047619,5.25,5.575,4.440476190476191,5.080459770114943,3.25531914893617
MF0010,0001,4.012195121951219,4.362637362637362,4.023809523809524,4.068181818181818,5.225,4.035714285714286,4.540229885057471,3.893617021276596
MF0010,0002,4.158536585365853,4.384615384615385,4.428571428571429,4.875,5.6,4.988095238095238,5.0344827586206895,4.457446808510638
MF0010,0003,4.5,3.8351648351648353,3.2857142857142856,4.556818181818182,4.0625,3.4761904761904763,4.827586206896552,3.765957446808511
MF0010,0004,4.073170731707317,3.7252747252747254,4.071428571428571,4.363636363636363,5.6,4.107142857142857,4.816091954022989,4.085106382978723
MF0010,0005,4.158536585365853,3.956043956043956,3.4166666666666665,4.25,4.575,3.642857142857143,4.091954022988506,3.904255319148936
MF0010,0006,4.012195121951219,3.8351648351648353,3.392857142857143,4.1477272727272725,4.975,3.238095238095238,4.344827586206897,3.9148936170212765
MF0010,0007,3.902439024390244,4.670329670329671,2.9404761904761907,3.852272727272727,4.8125,2.9523809523809526,3.8045977011494254,4.24468085106383
MF0010,0008,4.463414634146342,4.813186813186813,1.7261904761904763,3.227272727272727,4.0375,2.1547619047619047,3.4827586206896552,4.638297872340425
MF0010,0009,4.097560975609756,4.329670329670329,2.761904761904762,4.204545454545454,4.9,2.630952380952381,4.67816091954023,3.8404255319148937
MF0010,0010,4.597560975609756,3.4285714285714284,2.1904761904761907,4.090909090909091,5.1875,2.3095238095238093,4.517241379310345,3.8617021276595747
MF0010,0011,4.573170731707317,3.769230769230769,2.5714285714285716,3.352272727272727,5.375,2.7738095238095237,3.4597701149425286,3.7127659574468086
MF0010,0012,4.439024390243903,3.5054945054945055,3.5952380952380953,4.511363636363637,5.0625,3.8452380952380953,4.402298850574713,3.4468085106382977
MF0010,0013,4.817073170731708,4.868131868131868,2.1904761904761907,3.4886363636363638,4.1875,2.488095238095238,3.4942528735632186,5.202127659574468
MF0010,0014,4.182926829268292,4.1208791208791204,2.9404761904761907,3.75,5.5,3.357142857142857,3.6666666666666665,4.361702127659575
MF0011,0001,4.097560975609756,3.3516483516483517,2.869047619047619,4.329545454545454,4.9,NA,NA,NA
MF0011,0002,4.170731707317073,3.5604395604395602,4.0476190476190474,4.818181818181818,5.2375,4.321428571428571,5.0344827586206895,3.734042553191489
MF0011,0003,4.012195121951219,3.6263736263736264,3.142857142857143,4.204545454545454,4.9,3.5357142857142856,4.367816091954023,3.882978723404255
MF0011,0004,4.2560975609756095,3.4065934065934065,3.642857142857143,4.556818181818182,4.9625,3.7023809523809526,4.793103448275862,3.627659574468085
MF0011,0005,3.8780487804878048,4.593406593406593,3.8452380952380953,3.909090909090909,5.75,NA,NA,NA
MF0011,0006,4.097560975609756,5.054945054945055,3.25,3.0681818181818183,5.3375,3.0476190476190474,3.5057471264367814,3.9680851063829787
MF0011,0007,4.109756097560975,3.769230769230769,4.964285714285714,5.375,5.7125,NA,NA,NA
MF0011,0008,3.841463414634146,3.659340659340659,3.4285714285714284,4.375,4.825,3.2738095238095237,4.632183908045977,3.1702127659574466
MF0011,0009,4.439024390243903,4.3076923076923075,2.9404761904761907,3.6136363636363638,5.4125,3.1904761904761907,3.471264367816092,4.829787234042553
MF0011,0010,4.073170731707317,4.252747252747253,4.261904761904762,4.3522727272727275,5.6125,NA,NA,NA
MF0011,0011,4.280487804878049,3.7032967032967035,4.714285714285714,5.159090909090909,5.425,5.083333333333333,5.126436781609195,3.8191489361702127
MF0012,0001,3.8780487804878048,3.8131868131868134,3.261904761904762,4.181818181818182,5.1375,3.5833333333333335,4.379310344827586,4.031914893617022
MF0012,0002,4.219512195121951,4.582417582417582,3.892857142857143,4.465909090909091,6.0375,3.9404761904761907,4.149425287356322,4.287234042553192
MF0012,0003,3.9390243902439024,3.5384615384615383,4.476190476190476,4.909090909090909,5.1125,4.119047619047619,5.057471264367816,3.9574468085106385
MF0012,0004,4.048780487804878,4.054945054945055,4.654761904761905,4.761363636363637,5.425,4.154761904761905,4.459770114942529,4.0638297872340425
MF0012,0005,4.121951219512195,3.923076923076923,3.892857142857143,4.7727272727272725,4.9875,4.238095238095238,5.022988505747127,3.606382978723404
MF0012,0006,4.2073170731707314,4.461538461538462,4,4.3522727272727275,6.175,3.9404761904761907,4.252873563218391,4.26595744680851
MF0012,0007,4.390243902439025,4.076923076923077,2.761904761904762,3.8068181818181817,5.6625,2.880952380952381,3.7471264367816093,4.053191489361702
MF0012,0008,4.024390243902439,3.5604395604395602,2.761904761904762,4.011363636363637,4.2,2.738095238095238,4.0344827586206895,3.851063829787234
MF0012,0009,3.841463414634146,4.21978021978022,3.619047619047619,4.1022727272727275,4.7625,4.5,4.735632183908046,3.9574468085106385
MF0012,0010,3.9146341463414633,3.3846153846153846,3.0714285714285716,4.125,4.6,3.1666666666666665,4.264367816091954,3.6382978723404253
MF0013,0003,3.7804878048780486,3.4945054945054945,2.761904761904762,4.170454545454546,4.7625,2.761904761904762,4.045977011494253,3.606382978723404
MF0013,0005,4.121951219512195,3.131868131868132,2.8095238095238093,4.193181818181818,4.5125,3.380952380952381,4.471264367816092,3.404255319148936
MF0013,0007,4.182926829268292,3.5384615384615383,3.0357142857142856,4.386363636363637,5.0625,2.8333333333333335,4.264367816091954,3.925531914893617
MF0013,0009,4.378048780487805,4.527472527472527,3.0357142857142856,3.590909090909091,5.525,2.7261904761904763,3.9195402298850577,3.75531914893617
MF0013,0011,3.9146341463414633,4.043956043956044,2.4523809523809526,3.8295454545454546,5.0375,2.7023809523809526,4.379310344827586,3.765957446808511
MF0014,0002,3.902439024390244,3.681318681318681,2.5357142857142856,3.5113636363636362,5.175,2.5238095238095237,3.5632183908045976,3.8617021276595747
MF0014,0003,4.060975609756097,3.769230769230769,3.619047619047619,4.511363636363637,5.4125,4.142857142857143,4.632183908045977,3.4680851063829787
MF0014,0004,4.146341463414634,4.054945054945055,2.2023809523809526,2.6818181818181817,5.0875,2.3095238095238093,3.586206896551724,3.8617021276595747
MF0014,0005,4.085365853658536,3.6923076923076925,3.392857142857143,4.295454545454546,4.9875,3.5714285714285716,4.206896551724138,3.8404255319148937
MF0014,0006,4.341463414634147,3.7472527472527473,2.2142857142857144,3.7954545454545454,5.1875,2.261904761904762,3.9885057471264367,3.393617021276596
MF0014,0007,4.170731707317073,4.3076923076923075,3.357142857142857,3.602272727272727,5.3875,3.380952380952381,3.528735632183908,4.074468085106383
MF0014,0008,4.146341463414634,3.2857142857142856,2.738095238095238,3.8636363636363638,4.3625,2.488095238095238,4.482758620689655,2.7127659574468086
MF0014,0009,4.2317073170731705,3.5714285714285716,4.214285714285714,4.5227272727272725,4.3375,4,4.781609195402299,3.75531914893617
MF0014,0010,4.670731707317073,3.230769230769231,2.619047619047619,3.977272727272727,5.2375,2.5357142857142856,4.333333333333333,3.0106382978723403
MF0015,0001,5.085365853658536,4.923076923076923,1.9285714285714286,2.6818181818181817,5.525,1.880952380952381,3.057471264367816,4.712765957446808
MF0015,0002,4,3.967032967032967,3.0357142857142856,4.238636363636363,4.7,3.2857142857142856,4.436781609195402,4.148936170212766
MF0015,0003,4.390243902439025,3.4725274725274726,2.2142857142857144,3.7954545454545454,4.8875,2.369047619047619,3.954022988505747,3.4361702127659575
MF0015,0004,4.634146341463414,3.5604395604395602,2.1904761904761907,3.5681818181818183,4.7,2.0714285714285716,3.7011494252873565,3.265957446808511
MF0015,0006,4.719512195121951,4.142857142857143,2.357142857142857,3.965909090909091,5.525,NA,NA,NA
MF0015,0007,3.9146341463414633,3.3736263736263736,2.9642857142857144,3.8636363636363638,4.9,3.130952380952381,4.275862068965517,3.606382978723404
MF0015,0008,4.134146341463414,3.934065934065934,3.5952380952380953,4.2272727272727275,5.4125,3.357142857142857,4.252873563218391,3.5425531914893615
MF0015,0010,4.170731707317073,3.1648351648351647,3.6666666666666665,4.8522727272727275,4.9625,3.988095238095238,4.816091954022989,2.9680851063829787
MF0015,0011,4.304878048780488,2.934065934065934,2.1785714285714284,3.3863636363636362,4.75,NA,NA,NA
MF0015,0012,4.195121951219512,3.7142857142857144,2.9166666666666665,3.727272727272727,4.8,3.1904761904761907,4.195402298850575,3.648936170212766
MF0015,0013,3.975609756097561,3.1758241758241756,3.4047619047619047,4.011363636363637,4.8375,3.6785714285714284,4.459770114942529,3.478723404255319
MF0016,0001,4.451219512195122,3.340659340659341,3.0952380952380953,4.306818181818182,5.3,3.7023809523809526,4.551724137931035,3.521276595744681
MF0016,0002,4.048780487804878,3.7362637362637363,3.7738095238095237,4.318181818181818,5.2,3.6666666666666665,4.793103448275862,3.4680851063829787
MF0016,0003,3.8902439024390243,3.7252747252747254,3.0952380952380953,3.9318181818181817,4.8375,3.142857142857143,4.252873563218391,3.627659574468085
MF0016,0004,3.8902439024390243,4.406593406593407,2.9642857142857144,3.6136363636363638,5.55,3.0476190476190474,3.896551724137931,4.308510638297872
MF0016,0005,3.9146341463414633,3.857142857142857,3.380952380952381,4.011363636363637,5.4,3.357142857142857,4.2298850574712645,3.5531914893617023
MF0016,0006,4.073170731707317,3.7252747252747254,3.1547619047619047,3.8181818181818183,4.9375,2.8095238095238093,3.5632183908045976,3.6914893617021276
MF0016,0007,3.7560975609756095,3.2637362637362637,2.6904761904761907,3.8295454545454546,4.5125,2.7142857142857144,4.137931034482759,3.0638297872340425
MF0016,0008,3.5,4.252747252747253,2.7738095238095237,3.8863636363636362,4.75,3,3.7126436781609193,4.053191489361702
MF0016,0009,4,4.5054945054945055,3.5238095238095237,3.8863636363636362,5.1,3.238095238095238,3.7701149425287355,3.9574468085106385
MF0016,0010,3.8048780487804876,4.142857142857143,3.0833333333333335,3.4886363636363638,4.025,2.988095238095238,4.114942528735632,3.74468085106383
MF0017,0004,4.085365853658536,3.967032967032967,4.154761904761905,4.613636363636363,5.7375,4.130952380952381,4.390804597701149,3.797872340425532
MF0017,0005,4.2073170731707314,3.8461538461538463,4.369047619047619,4.806818181818182,5.5,4.238095238095238,4.632183908045977,4.0212765957446805
MF0017,0006,3.902439024390244,3.5054945054945055,3.7857142857142856,4.556818181818182,4.9,4.464285714285714,5,4.276595744680851
MF0017,0007,3.7195121951219514,3.8241758241758244,3.630952380952381,3.977272727272727,5.2125,3.7738095238095237,4.057471264367816,3.5531914893617023
MF0017,0008,4.170731707317073,4.142857142857143,3.119047619047619,3.9886363636363638,5.5875,3.3333333333333335,3.9080459770114944,3.9574468085106385
MF0017,0009,4.097560975609756,3.912087912087912,3.8452380952380953,4.329545454545454,4.9625,4.380952380952381,4.64367816091954,4.6063829787234045
MF0017,0010,4.182926829268292,3.6373626373626373,2.511904761904762,3.909090909090909,4.4875,2.4285714285714284,3.781609195402299,3.8297872340425534
MF0017,0011,4.109756097560975,3.5604395604395602,4.214285714285714,5.079545454545454,5.125,4.404761904761905,4.942528735632184,3.606382978723404
MF0017,0013,4.304878048780488,3.2637362637362637,4.083333333333333,4.761363636363637,5.175,4.142857142857143,5,3.617021276595745
MF0018,0001,3.9878048780487805,4.428571428571429,4.071428571428571,4.306818181818182,5.975,3.8333333333333335,4.425287356321839,4.23404255319149
MF0018,0002,4,3.5384615384615383,3.619047619047619,4.431818181818182,5.1125,4.678571428571429,4.574712643678161,3.74468085106383
MF0018,0003,3.8780487804878048,4.285714285714286,4.559523809523809,4.863636363636363,5.425,3.857142857142857,4.574712643678161,4.117021276595745
MF0018,0004,3.7195121951219514,4.1208791208791204,3.6785714285714284,4.4772727272727275,4.925,3.8452380952380953,4.505747126436781,4.053191489361702
MF0018,0005,4.2560975609756095,3.4505494505494507,4.273809523809524,5.1477272727272725,5.35,4.083333333333333,4.724137931034483,4.148936170212766
MF0018,0006,4.073170731707317,5.043956043956044,3.5357142857142856,3.8181818181818183,5.9,3.2738095238095237,3.5057471264367814,4.872340425531915
MF0018,0007,3.597560975609756,4.417582417582418,3.5,4.159090909090909,4.9125,3.75,4.091954022988506,4.446808510638298
MF0018,0008,4.109756097560975,5.065934065934066,3.6547619047619047,3.5568181818181817,5.725,3.0952380952380953,3.3563218390804597,4.808510638297872
MF0018,0009,3.7560975609756095,3.89010989010989,3.5595238095238093,4.5,4.825,NA,NA,NA
MF0018,0010,3.9146341463414633,4.021978021978022,3.8333333333333335,4.420454545454546,5.4375,3.6904761904761907,4.287356321839081,3.74468085106383
MF0018,0011,4.2317073170731705,4.230769230769231,2.892857142857143,3.9204545454545454,5.475,3.0238095238095237,4.275862068965517,3.9361702127659575
MF0021,0001,4,3.3736263736263736,4.178571428571429,4.909090909090909,5.425,4.261904761904762,4.666666666666667,3.276595744680851
MF0021,0002,4.878048780487805,3.1758241758241756,2.392857142857143,3.9886363636363638,4.55,2.3095238095238093,3.9770114942528734,3.117021276595745
MF0021,0003,3.951219512195122,3.3626373626373627,3.0476190476190474,4.670454545454546,5.1625,2.8333333333333335,4.436781609195402,3.617021276595745
MF0021,0004,4.536585365853658,4.758241758241758,3.7976190476190474,4.113636363636363,6.0625,3.8214285714285716,3.839080459770115,4.531914893617022
MF0021,0005,4.414634146341464,3.681318681318681,2.8095238095238093,3.7954545454545454,4.5875,2.9642857142857144,4.183908045977011,3.6702127659574466
MF0021,0007,4.012195121951219,3.4065934065934065,3.3095238095238093,4.420454545454546,4.9625,3.392857142857143,4.114942528735632,3.648936170212766
MF0021,0008,4.085365853658536,3.4065934065934065,3.8452380952380953,4.136363636363637,5.1875,3.392857142857143,3.6091954022988504,3.9893617021276597
MF0021,0009,4.719512195121951,3.9450549450549453,3.2142857142857144,4.193181818181818,5.7875,3.630952380952381,4.827586206896552,3.893617021276596
MF0021,0010,4.402439024390244,3.8461538461538463,3.369047619047619,4.454545454545454,5.7625,3.0476190476190474,4.2298850574712645,3.595744680851064
MF0022,0001,4.2926829268292686,3.89010989010989,4.511904761904762,4.693181818181818,5.9875,4.107142857142857,4.9655172413793105,3.521276595744681
MF0022,0002,4.085365853658536,3.923076923076923,3.3095238095238093,4.318181818181818,5.2125,3.2857142857142856,4,4.138297872340425
MF0022,0003,4.487804878048781,3.67032967032967,2.5952380952380953,3.590909090909091,4.3125,2.8214285714285716,3.6091954022988504,3.776595744680851
MF0022,0004,4,3.89010989010989,3.7976190476190474,4.5,4.125,3.5357142857142856,4.0344827586206895,3.8297872340425534
MF0022,0005,4.219512195121951,4.1208791208791204,4.678571428571429,5.1022727272727275,5.9125,4.511904761904762,5.195402298850575,4
MF0022,0006,3.926829268292683,4.197802197802198,3.6666666666666665,4.238636363636363,5.5,3.1904761904761907,4.827586206896552,3.24468085106383
MF0022,0007,4.7560975609756095,3.5494505494505493,4.654761904761905,4.7727272727272725,5.4125,4.035714285714286,4.655172413793103,3.75531914893617
MF0022,0008,3.8658536585365852,3.989010989010989,3.5,4,4.7625,3.142857142857143,4.045977011494253,4.053191489361702
MF0022,0009,4.085365853658536,4.483516483516484,3.8095238095238093,4.25,5.75,3.7023809523809526,4.620689655172414,4.276595744680851
MF0022,0010,4.2073170731707314,4.1098901098901095,4.2023809523809526,4.6477272727272725,5.525,4.011904761904762,4.712643678160919,3.74468085106383
MF0023,0001,4.097560975609756,3.879120879120879,3.0595238095238093,4.079545454545454,4.9625,3.3214285714285716,4.241379310344827,4.382978723404255
MF0023,0002,4.024390243902439,3.6153846153846154,3.3095238095238093,4.6022727272727275,5.1,3.7261904761904763,4.885057471264368,3.6914893617021276
MF0023,0003,4.134146341463414,3.4725274725274726,3.3095238095238093,4.6022727272727275,4.375,3.2142857142857144,4.574712643678161,3.5851063829787235
MF0023,0004,3.8902439024390243,4.076923076923077,3.6547619047619047,4.488636363636363,4.8875,3.738095238095238,4.712643678160919,4.159574468085107
MF0023,0005,4.463414634146342,5.021978021978022,2.880952380952381,3.7386363636363638,6,3.107142857142857,3.8045977011494254,5.1063829787234045
MF0023,0006,4.7073170731707314,4.571428571428571,3.9285714285714284,4.113636363636363,6,NA,NA,NA
MF0023,0007,3.902439024390244,3.89010989010989,3.9523809523809526,4.738636363636363,5.35,4.321428571428571,5.080459770114943,3.9361702127659575
MF0023,0008,4.121951219512195,3.7252747252747254,4.011904761904762,4.761363636363637,5.15,4.0476190476190474,4.712643678160919,3.8617021276595747
MF0023,0009,4,4.43956043956044,2.8452380952380953,3.977272727272727,5.9,3.2738095238095237,4.218390804597701,4.074468085106383
MF0023,0010,4.134146341463414,3.8461538461538463,2.6547619047619047,3.3863636363636362,5.3875,2.5833333333333335,3.632183908045977,3.9468085106382977
MF0024,0001,3.6219512195121952,4.593406593406593,2.761904761904762,3.5454545454545454,4.25,2.6904761904761907,3.6666666666666665,4.308510638297872
MF0024,0002,3.8902439024390243,3.7472527472527473,3.0357142857142856,4.340909090909091,5.125,3.357142857142857,4.712643678160919,4.446808510638298
MF0024,0003,4.329268292682927,3.802197802197802,4.476190476190476,4.579545454545454,5.4375,4.2976190476190474,4.2988505747126435,3.8617021276595747
MF0024,0004,4.195121951219512,4.197802197802198,3.1785714285714284,4.238636363636363,5.85,2.9523809523809526,4.390804597701149,3.797872340425532
MF0024,0005,4.134146341463414,3.10989010989011,3.3452380952380953,4.568181818181818,4.8,3.3452380952380953,4.103448275862069,3.3085106382978724
MF0024,0006,3.9878048780487805,4.2967032967032965,3.869047619047619,4.2727272727272725,5.1625,3.75,4.413793103448276,3.797872340425532
MF0024,0007,3.8780487804878048,3.769230769230769,3.3214285714285716,4.306818181818182,5.525,3.142857142857143,4.2988505747126435,3.521276595744681
MF0024,0008,4.414634146341464,3.923076923076923,2.7023809523809526,3.659090909090909,5.3125,2.9642857142857144,3.264367816091954,3.6382978723404253
MF0024,0009,3.951219512195122,4.384615384615385,3.1785714285714284,3.8636363636363638,5.4875,3.0833333333333335,4.287356321839081,4.127659574468085
MF0024,0010,4.048780487804878,4.021978021978022,3.4166666666666665,4.136363636363637,5.025,3.5238095238095237,4.057471264367816,4.25531914893617
MF0025,0001,3.975609756097561,4.2967032967032965,3.5595238095238093,4.5,5.325,3.6666666666666665,4.2988505747126435,4.372340425531915
MF0025,0002,4.060975609756097,4.153846153846154,4.904761904761905,5.068181818181818,5.7125,5.023809523809524,5.206896551724138,3.8617021276595747
MF0025,0003,4.329268292682927,4.373626373626373,4.059523809523809,4.795454545454546,5.6875,4.285714285714286,4.7701149425287355,4.031914893617022
MF0025,0004,4.365853658536586,3.6263736263736264,4.642857142857143,4.7727272727272725,5.5375,4.785714285714286,4.459770114942529,4.0638297872340425
MF0025,0005,3.9390243902439024,3.3956043956043955,3.6904761904761907,4.204545454545454,5.4875,NA,NA,NA
MF0025,0006,4.914634146341464,4.934065934065934,3.7976190476190474,3.7613636363636362,5.7375,NA,NA,NA
MF0025,0007,3.926829268292683,3.3846153846153846,3.4047619047619047,4.386363636363637,5.0125,3.5952380952380953,4.482758620689655,3.75531914893617
MF0025,0008,4.097560975609756,4.241758241758242,3.8333333333333335,4.011363636363637,5.525,NA,NA,NA
MF0025,0010,4.048780487804878,3.923076923076923,3.6666666666666665,4.136363636363637,5.3125,4.011904761904762,4.195402298850575,3.5106382978723403
MF0026,0001,3.7195121951219514,4.5054945054945055,3.0476190476190474,3.659090909090909,4.975,3.3452380952380953,4.459770114942529,3.882978723404255
MF0026,0002,3.975609756097561,3.5604395604395602,3.1904761904761907,4.0227272727272725,4.775,3.2142857142857144,3.942528735632184,3.734042553191489
MF0026,0003,4.048780487804878,3.7472527472527473,3.0714285714285716,4.590909090909091,5.2125,3.4523809523809526,4.172413793103448,4.170212765957447
MF0026,0004,4.012195121951219,3.912087912087912,3.5238095238095237,4,5.0625,3.3452380952380953,4.022988505747127,3.702127659574468
MF0026,0005,4.097560975609756,3.868131868131868,3.4047619047619047,4.3522727272727275,5.15,3.630952380952381,4.482758620689655,3.872340425531915
MF0026,0006,4.353658536585366,3.7362637362637363,2.738095238095238,3.784090909090909,4.5875,2.988095238095238,3.8850574712643677,3.978723404255319
MF0026,0007,3.8902439024390243,4.472527472527473,3.357142857142857,3.840909090909091,5.6625,3.3333333333333335,3.8850574712643677,4.4361702127659575
MF0026,0008,3.6707317073170733,3.4175824175824174,3.380952380952381,4.1022727272727275,5.175,3.2142857142857144,4.597701149425287,3.648936170212766
MF0026,0009,3.9390243902439024,4.7032967032967035,3.7023809523809526,4.284090909090909,6,3.488095238095238,4.344827586206897,4.48936170212766
MF0006,0001,NA,NA,NA,NA,NA,2.4523809523809526,2.9770114942528734,4.6063829787234045
